augsburg = GAU <germain.augsburg@epfl.ch>
amian = AMI <alberto.mian@epfl.ch>
mian = AMI <alberto.mian@epfl.ch>
autissie = NAU <nordhal.autissier@epfl.ch>
bendig = MBE <matthias.bendig@epfl.ch>
bolliger = RBO <raffaele.bolliger@epfl.ch>
blondel = CBO <cedric.blondel@epfl.ch>
bungener = SBU <stephane.bungener@epfl.che
breton = abreton <antoine.breton@epfl.chh>
damuller = DMU <damien.muller@epfl.ch>
dabernet = dabernet <dabernet@epfl.ch>
dumbliau = Monika <Monika.Dumbliauskaite@epfl.ch>
dbergomi = DBE <dave.bergomi@epfl.ch>
carre = JBC <jean-baptiste.carre@epfl.ch>
ceweber = CWE <celine.weber@epfl.ch>
collazos = ACO <andres.collazos@epfl.ch>
courjon = courjon <amelie.courjon@epfl.ch>
fazlolla = SFA <samira.fazlollahi@epfl.ch>
facchine = EFA <emanuele.facchinetti@epfl.ch>
fpalazzi = FPA <francesca.palazzi@epfl.ch>
froeberg = JFR <jonas.froeberg@epfl.ch>
gassner = MGA <martin.gassner@epfl.ch>
girardin = LGI <luc.girardin@epfl.ch>
hbecker = HBE <helen.becker@epfl.ch>
heyne = SHE <stefan.heyne@epfl.ch>
jdemierre = JDE <jonathan.demierre@epfl.ch>
juchli = IJU <isabelle.juchli@epfl.ch>
kostakev = kostakev <ivan.kostakev@epfl.ch>
kallhovd = kallhovd <kallhovd@epfl.ch>
laulan = BLA <benjamin.laulan@epfl.ch>
lbuchter = LBU <lbuchter@epfl.ch>
lgerber = LGE <leda.gerber@epfl.ch>
lge = LGE <leda.gerber@epfl.ch>
lsa = LSA <leandro.salgueiro@epfl.ch>
salgueiro= LSA <leandro.salgueiro@epfl.ch>
marechal = FM <francois.marechal@epfl.ch>
mdubuis = MDU <matthias.dubuis@epfl.ch>
mercangoez = mercangoez <mercangoez@epfl.ch>
morandin = MMO <matteo.marandin@epfl.ch>
mmercier = MME <Mathilde.Mercier@ifptraining.com>
mstaehli = MST <Michael.Staehli@epfl.ch>
nborboen = NBO <nicolas.borboen@epfl.ch>
nbo = NBO <nicolas.borboen@epfl.ch>
ndarbell = NDA <nicole.darbellay@epfl.ch>
pouransa = NPO <nasibeh.pouransari@epfl.ch>
rager = JRA <jakob.rager@epfl.ch>
rerat = rerat <rerat@ethz.ch>
teske = teske <Sinan.Teske@psi.ch>
mviard = mviard <IPESE-Admins@groupes.epfl.ch>
wegele = JWE <johannes.wegele@epfl.ch>
ethz_rerat = ethz_rerat <rerat@ethz.ch>
root = root <webmaster.leni@epfl.ch>
salgueir = LSA <leandro.salgueiro@epfl.ch>
sfa = SFA <samira.fazlollahi@epfl.ch>
thieriot = HTH <hubert.thieriot@epfl.ch>
tock = LTO <laurence.tock@epfl.ch>
LTSVN = LTO <laurence.tock@epfl.ch>
adam = ADM <adam.molyneaux@epfl.ch>
cvsleni = CVSLENI <IPESE-Admins@groupes.epfl.ch>
francois = FM <francois.marechal@epfl.ch>
fred = Fred <IPESE-Admins@groupes.epfl.ch>
geoff = Geoff <IPESE-Admins@groupes.epfl.ch>
geoffcvs = Geoff <IPESE-Admins@groupes.epfl.ch>
gleyland = Geoff <IPESE-Admins@groupes.epfl.ch>
hongtao = HLI <IPESE-Admins@groupes.epfl.ch>
jurg = JSC <jurg.schiffmann@epfl.ch>
larrain = DLA <diego.larrain@epfl.ch>
leni =  leni <IPESE-Admins@groupes.epfl.ch>
malick = MKA <malick.kane@epfl.ch>
martin = MGA <martin.gassner@epfl.ch>
meinrad = Meinrad <IPESE-Admins@groupes.epfl.ch>
michele = Michele <IPESE-Admins@groupes.epfl.ch>
(no author) = leni <IPESE-Admins@groupes.epfl.ch>
kerner = kerner <kerner@unknow.com>
pvm = pvm <IPESE-Admins@groupes.epfl.ch>
shaun = shaun <IPESE-Admins@groupes.epfl.ch>
steve = steve <IPESE-Admins@groupes.epfl.ch>
vinicio = vinicio <IPESE-Admins@groupes.epfl.ch>
xavier = Xavier <IPESE-Admins@groupes.epfl.ch>
zehnder = Zehnder <IPESE-Admins@groupes.epfl.ch>
zahnd = Suzanne <suzanne.zahnd@epfl.ch>
zperin = ZPE <zoe.perin-levasseur@epfl.ch>
